Fecha Inicio;Fecha Fin;Categoria;Colombia;Mundo;
01/01/1500;01/01/1500;Política e Institucional;Llegada de Alonso de Ojeda a territorio colombiano;Exploraciones europeas en América;
29/07/1525;29/07/1525;Política e Institucional;Fundación de Santa Marta;Expansión del Imperio Español;
01/06/1533;01/06/1533;Política e Institucional;Fundación de Cartagena de Indias;Consolidación de enclaves españoles en América;
06/08/1538;06/08/1538;Política e Institucional;Fundación de Santafé de Bogotá;Expansión colonial española;
01/01/1550;20/07/1810;Política e Institucional;Época Colonial del Nuevo Reino de Granada;Expansión de los imperios coloniales europeos;
27/11/1718;27/05/1724;Política e Institucional;Primer Virreinato de la Nueva Granada;Reformas borbónicas;
20/09/1739;20/07/1810;Política e Institucional;Restablecimiento del Virreinato de la Nueva Granada;Administración colonial borbónica;
23/10/1739;18/10/1748;Guerra y Conflicto;Guerra de la Oreja de Jenkins y defensa de Cartagena;Guerra anglo-española en el Caribe;
13/03/1741;20/05/1741;Guerra y Conflicto;Sitio de Cartagena por el Almirante Vernon;Rivalidad colonial británico-española;
04/07/1776;03/09/1783;Relaciones Internacionales;Influencia de las ideas republicanas;Independencia de Estados Unidos;
16/03/1781;07/10/1781;Guerra y Conflicto;Rebelión de los Comuneros;Crisis del sistema colonial español;
24/07/1783;24/07/1783;Relaciones Internacionales;Nacimiento de Simón Bolívar;Período post independencia de EE.UU.;
05/05/1789;09/11/1799;Política e Institucional;Impacto de las ideas ilustradas;Revolución Francesa;
01/01/1804;01/01/1804;Política e Institucional;Influencia regional;Independencia de Haití;
01/01/1806;31/12/1806;Guerra y Conflicto;Influencia continental independentista;Primera expedición de Francisco de Miranda;
02/05/1808;11/04/1814;Guerra y Conflicto;Crisis de legitimidad de la Corona;Invasión napoleónica a España;
20/07/1810;20/07/1810;Política e Institucional;Grito de Independencia;Movimientos emancipadores americanos;
20/07/1810;06/05/1816;Política e Institucional;Patria Boba;Transformaciones políticas en Europa;
11/11/1811;11/11/1811;Política e Institucional;Declaración de Independencia de Cartagena;Expansión de movimientos independentistas;
01/12/1812;31/12/1812;Guerra y Conflicto;Campaña del Norte de Bolívar en Nueva Granada;Guerra de Independencia Hispanoamericana;
02/12/1812;10/01/1813;Guerra y Conflicto;Guerra Centralistas vs Federalistas;Conflictos internos posindependentistas;
23/03/1813;06/08/1813;Guerra y Conflicto;Campaña Admirable de Bolívar;Campañas de independencia suramericanas;
01/06/1813;31/12/1814;Guerra y Conflicto;Campaña del Sur de Nariño;Guerra de Independencia;
20/07/1813;20/07/1813;Guerra y Conflicto;Toma de Cúcuta por Bolívar;Campañas independentistas;
01/01/1815;07/08/1819;Guerra y Conflicto;Reconquista Española;Restauración monárquica española;
18/08/1815;06/12/1815;Guerra y Conflicto;Sitio de Cartagena por Morillo;Reconquista española;
06/05/1816;06/05/1816;Guerra y Conflicto;Caída de Santafé ante Morillo;Reconquista Española;
14/11/1817;14/11/1817;Guerra y Conflicto;Fusilamiento de Policarpa Salavarrieta;Resistencia independentista americana;
01/05/1819;07/08/1819;Guerra y Conflicto;Campaña Libertadora de la Nueva Granada;Fin de las guerras independentistas regionales;
22/06/1819;22/06/1819;Guerra y Conflicto;Inicio del cruce del Páramo de Pisba;Campaña Libertadora;
27/06/1819;27/06/1819;Guerra y Conflicto;Combate de Paya;Campaña Libertadora;
25/07/1819;25/07/1819;Guerra y Conflicto;Batalla del Pantano de Vargas;Guerra de Independencia;
07/08/1819;07/08/1819;Guerra y Conflicto;Batalla de Boyacá;Guerra de Independencia;
17/12/1819;21/11/1831;Política e Institucional;Gran Colombia;Formación de nuevos estados americanos;
17/12/1819;17/12/1819;Política e Institucional;Creación oficial de la República;Congreso de Angostura;
30/08/1821;30/08/1821;Política e Institucional;Congreso de Cúcuta y Constitución de 1821;Consolidación de repúblicas americanas;
24/05/1822;24/05/1822;Guerra y Conflicto;Participación grancolombiana;Batalla de Pichincha;
24/11/1822;24/07/1823;Guerra y Conflicto;Campaña naval de Maracaibo;Liberación definitiva de Venezuela;
06/08/1824;09/12/1824;Guerra y Conflicto;Participación grancolombiana;Junín y Ayacucho;
25/09/1828;25/09/1828;Política e Institucional;Conspiración Septembrina;Crisis de la Gran Colombia;
17/12/1830;17/12/1830;Política e Institucional;Muerte de Simón Bolívar;Fin de una etapa independentista continental;
21/11/1831;08/05/1858;Política e Institucional;República de la Nueva Granada;Construcción de estados nacionales;
30/06/1839;29/01/1842;Guerra y Conflicto;Guerra de los Supremos;Conflictos regionales latinoamericanos;
25/04/1846;02/02/1848;Relaciones Internacionales;Impacto continental;Guerra México-Estados Unidos;
23/04/1851;06/08/1851;Guerra y Conflicto;Guerra Civil de 1851;Debates sobre abolición de la esclavitud;
01/01/1853;31/12/1853;Política e Institucional;Constitución Liberal de 1853;Liberalismo decimonónico;
17/04/1854;04/12/1854;Guerra y Conflicto;Guerra Civil de 1854 y gobierno de Melo;Cambios políticos latinoamericanos;
22/05/1858;18/07/1861;Política e Institucional;Confederación Granadina;Expansión del federalismo;
01/05/1860;30/12/1862;Guerra y Conflicto;Guerra Civil de 1860-1863;Guerras civiles americanas;
25/04/1861;09/05/1865;Relaciones Internacionales;Estados Unidos de Colombia;Guerra de Secesión de EE.UU.;
08/05/1863;05/08/1886;Política e Institucional;Estados Unidos de Colombia;Segunda Revolución Industrial;
08/05/1863;08/05/1863;Política e Institucional;Constitución de Rionegro;Federalismo en América Latina;
01/07/1876;01/04/1877;Guerra y Conflicto;Guerra Civil de 1876-1877;Conflictos Iglesia-Estado;
01/12/1884;01/09/1885;Guerra y Conflicto;Guerra Civil de 1885;Crisis del federalismo;
03/08/1886;05/08/1886;Política e Institucional;Promulgación de la Constitución de 1886;Consolidación de estados nacionales;
05/08/1886;7/08/1930;Política e Institucional;Hegemonía Conservadora;Expansión industrial mundial;
03/01/1895;16/03/1895;Guerra y Conflicto;Guerra Civil de 1895;Tensiones políticas regionales;
25/04/1898;12/08/1898;Guerra y Conflicto;Impacto estratégico sobre Panamá;Guerra Hispano-Estadounidense;
17/10/1899;21/11/1902;Guerra y Conflicto;Guerra de los Mil Días;Conflictos del cambio de siglo;
3/11/1903;3/11/1903;Relaciones Internacionales;Separación de Panamá;Expansión de la influencia estadounidense;
1/06/1907;1/06/1907;Ciencia y Tecnología;Fundación de la Escuela Militar;Profesionalización militar moderna;
6/07/1907;6/07/1907;Ciencia y Tecnología;Restablecimiento de la Escuela Naval;Modernización naval;
10/07/1911;12/07/1911;Guerra y Conflicto;Combate de La Pedrera con Perú;Disputas fronterizas amazónicas;
28/07/1914;11/11/1918;Guerra y Conflicto;Neutralidad colombiana;Primera Guerra Mundial;
1/01/1919;31/12/1919;Ciencia y Tecnología;Creación de la Aviación Militar Colombiana;Desarrollo mundial de la aviación;
1/01/1928;31/12/1928;Guerra y Conflicto;Masacre de las Bananeras;Conflictos laborales internacionales;
24/10/1929;1/09/1939;Economía y Sociedad;Impacto sobre la economía cafetera;Gran Depresión;
7/08/1930;7/08/1946;Política e Institucional;República Liberal;Crisis entre guerras;
1/09/1932;25/05/1933;Guerra y Conflicto;Guerra Colombo-Peruana (Leticia);Tensiones territoriales sudamericanas;
7/08/1934;7/08/1938;Política e Institucional;Revolución en Marcha de López Pumarejo;Reformas sociales latinoamericanas;
1/09/1939;2/09/1945;Guerra y Conflicto;Cooperación continental;Segunda Guerra Mundial;
26/06/1945;26/06/1945;Relaciones Internacionales;Colombia firma la Carta de la ONU;Creación de la ONU;
9/04/1948;9/04/1948;Guerra y Conflicto;Bogotazo;Inicio de una nueva era política regional;
9/04/1948;1/12/1958;Guerra y Conflicto;La Violencia;Guerra Fría;
25/06/1950;29/10/1954;Relaciones Internacionales;Despliegue completo del Batallón Colombia en Corea;Guerra de Corea;
13/06/1953;10/05/1957;Política e Institucional;Gobierno Militar de Rojas Pinilla;Guerra Fría;
1/11/1956;30/11/1956;Relaciones Internacionales;Misión ONU en Suez;Crisis del Canal de Suez;
7/08/1958;7/08/1974;Política e Institucional;Frente Nacional;Guerra Fría;
16/10/1962;28/10/1962;Relaciones Internacionales;Apoyo hemisférico;Crisis de los Misiles;
9/04/1964;9/04/1964;Guerra y Conflicto;Inicio de operaciones contra enclaves guerrilleros en Marquetalia;Guerra Fría en América Latina;
27/05/1964;27/05/1964;Guerra y Conflicto;Operación Marquetalia;Conflictos insurgentes latinoamericanos;
5/06/1967;10/06/1967;Guerra y Conflicto;Seguimiento diplomático;Guerra de los Seis Días;
20/07/1969;20/07/1969;Ciencia y Tecnología;Impacto científico mundial;Llegada del hombre a la Luna;
6/10/1973;25/10/1973;Guerra y Conflicto;Impacto energético;Guerra del Yom Kippur;
19/04/1974;19/04/1974;Guerra y Conflicto;Aparición del M-19;Movimientos insurgentes;
24/12/1979;15/02/1989;Guerra y Conflicto;Cooperación occidental;Guerra Soviético-Afgana;
1/04/1982;Actualidad;Relaciones Internacionales;Misión colombiana en el Sinaí (MFO);Operación multinacional de observación;
2/04/1982;14/06/1982;Guerra y Conflicto;Impacto regional;Guerra de las Malvinas;
6/11/1985;7/11/1985;Guerra y Conflicto;Toma y Retoma del Palacio de Justicia;Conflictos internos de la Guerra Fría;
18/08/1989;18/08/1989;Guerra y Conflicto;Magnicidio de Luis Carlos Galán;Crisis del narcoterrorismo;
9/11/1989;9/11/1989;Política e Institucional;Reajuste estratégico;Caída del Muro de Berlín;
2/08/1990;28/02/1991;Guerra y Conflicto;Apoyo político internacional;Guerra del Golfo;
9/12/1990;9/12/1990;Guerra y Conflicto;Operación Colombia y toma de Casa Verde;Fin de la Guerra Fría;
4/07/1991;4/07/1991;Política e Institucional;Constitución Política de Colombia;Nuevo orden mundial;
26/12/1991;26/12/1991;Política e Institucional;Transformación estratégica;Disolución de la URSS;
11/09/2001;11/09/2001;Guerra y Conflicto;Refuerzo de cooperación internacional;Atentados del 11 de septiembre;
7/10/2001;30/08/2021;Guerra y Conflicto;Cooperación con aliados;Guerra de Afganistán;
7/08/2002;7/08/2010;Guerra y Conflicto;Política de Seguridad Democrática;Guerra Global contra el Terrorismo;
1/01/2003;31/12/2003;Guerra y Conflicto;Operación Libertad I;Lucha contrainsurgente;
7/02/2003;7/02/2003;Guerra y Conflicto;Atentado al Club El Nogal;Guerra global contra el terrorismo;
20/03/2003;18/12/2011;Guerra y Conflicto;Cooperación política;Guerra de Irak;
1/03/2008;1/03/2008;Guerra y Conflicto;Operación Fénix;Lucha contra el terrorismo;
2/07/2008;2/07/2008;Guerra y Conflicto;Operación Jaque;Lucha global contra grupos armados;
22/09/2010;23/09/2010;Guerra y Conflicto;Operación Sodoma;Lucha contra grupos armados ilegales;
4/11/2011;4/11/2011;Guerra y Conflicto;Operación Odiseo;Lucha contra grupos armados ilegales;
4/09/2012;24/11/2016;Política e Institucional;Proceso de Paz con las FARC;Resolución de conflictos contemporáneos;
24/11/2016;24/11/2016;Política e Institucional;Acuerdo Final de Paz;Transformaciones regionales;
11/03/2020;5/05/2023;Economía y Sociedad;Pandemia COVID-19;Pandemia COVID-19;
24/02/2022;Actualidad;Guerra y Conflicto;Impactos económicos y diplomáticos;Guerra Rusia-Ucrania;
7/10/2023;Actualidad;Guerra y Conflicto;Seguimiento diplomático;Guerra Israel-Hamás;
1/01/2024;Actualidad;Ciencia y Tecnología;Transformación digital;Expansión de la inteligencia artificial;
